{
  "timestamp": 1769585292247,
  "data": {
    "entra_id": {
      "identities": {
        "total": 13,
        "trend": "Directory"
      },
      "groups": {
        "count": 58,
        "trend": "Teams"
      },
      "apps": {
        "registered": 31,
        "trend": "Enterprise"
      },
      "admins": {
        "global_count": 6,
        "trend": "Privileged"
      },
      "subscriptions": {
        "active": 5,
        "trend": "Verified"
      },
      "devices": {
        "managed": 18,
        "trend": "Managed"
      },
      "compliance": {
        "score_percentage": "65%",
        "score_points": 183.92,
        "max_points": 283,
        "status": "Identity Guard"
      }
    },
    "raw": {
      "stats": {
        "users": {
          "total": 13,
          "growth": "Directory"
        },
        "groups": {
          "total": 58,
          "growth": "Teams"
        },
        "devices": {
          "total": 18,
          "growth": "Managed"
        },
        "subs": {
          "total": 5,
          "growth": "Verified"
        },
        "admins": {
          "total": 6,
          "growth": "Privileged"
        },
        "apps": {
          "total": 31,
          "growth": "Enterprise"
        }
      },
      "secureScore": {
        "current": 183.92,
        "max": 283
      },
      "mfaStats": {
        "mfaEnabled": 8,
        "mfaDisabled": 4,
        "risky": 0,
        "total": 12
      },
      "signInTrends": [
        {
          "date": "14/1/2026",
          "success": 36,
          "failure": 8
        },
        {
          "date": "15/1/2026",
          "success": 49,
          "failure": 22
        },
        {
          "date": "16/1/2026",
          "success": 69,
          "failure": 5
        },
        {
          "date": "17/1/2026",
          "success": 2,
          "failure": 1
        },
        {
          "date": "19/1/2026",
          "success": 45,
          "failure": 33
        },
        {
          "date": "20/1/2026",
          "success": 18,
          "failure": 6
        },
        {
          "date": "21/1/2026",
          "success": 21,
          "failure": 9
        },
        {
          "date": "22/1/2026",
          "success": 28,
          "failure": 0
        },
        {
          "date": "23/1/2026",
          "success": 24,
          "failure": 5
        },
        {
          "date": "24/1/2026",
          "success": 3,
          "failure": 0
        },
        {
          "date": "25/1/2026",
          "success": 4,
          "failure": 0
        },
        {
          "date": "27/1/2026",
          "success": 46,
          "failure": 6
        },
        {
          "date": "28/1/2026",
          "success": 27,
          "failure": 1
        }
      ]
    }
  }
}