{
  "timestamp": 1769585572497,
  "data": {
    "overview": {
      "statistics": {
        "total_users": 13,
        "total_devices": 3,
        "total_licenses": 18,
        "secure_score": 183.92
      },
      "health_and_security": {
        "failed_signins": 3,
        "compliance_rate": 33
      }
    },
    "raw": {
      "quickStats": {
        "totalUsers": 13,
        "totalDevices": 3,
        "totalLicenses": 18,
        "secureScore": 183.92,
        "maxSecureScore": 283,
        "mfaRegistered": 0,
        "mfaTotal": 25,
        "activeRoles": 12
      },
      "charts": {
        "serviceHealth": [
          {
            "name": "Operational",
            "value": 22,
            "color": "var(--accent-success)"
          },
          {
            "name": "Issues",
            "value": 7,
            "color": "var(--accent-error)"
          }
        ],
        "userDistribution": [
          {
            "name": "Active",
            "value": 13,
            "color": "var(--accent-success)"
          }
        ],
        "deviceCompliance": [
          {
            "name": "Compliant",
            "value": 1,
            "color": "var(--accent-success)"
          },
          {
            "name": "Non-Compliant",
            "value": 2,
            "color": "var(--accent-error)"
          }
        ],
        "deviceByPlatform": [
          {
            "name": "Windows",
            "value": 2
          },
          {
            "name": "macOS",
            "value": 1
          }
        ],
        "licenseUsage": [
          {
            "name": "FLOW FREE",
            "assigned": 3,
            "available": 9997
          },
          {
            "name": "CCIBOTS PRIVPREV VIR",
            "assigned": 2,
            "available": 9998
          },
          {
            "name": "DEVELOPERPACK E5",
            "assigned": 11,
            "available": 14
          },
          {
            "name": "RMSBASIC",
            "assigned": 0,
            "available": 1
          },
          {
            "name": "POWERAPPS DEV",
            "assigned": 2,
            "available": 9998
          }
        ],
        "signIns": [
          {
            "name": "Last 24h",
            "failed": 3,
            "successful": 37
          }
        ],
        "emailTrend": [
          {
            "name": "2026-01-20",
            "sent": 0,
            "received": 1
          },
          {
            "name": "2026-01-21",
            "sent": 0,
            "received": 6
          },
          {
            "name": "2026-01-22",
            "sent": 0,
            "received": 0
          },
          {
            "name": "2026-01-23",
            "sent": 1,
            "received": 0
          },
          {
            "name": "2026-01-24",
            "sent": 0,
            "received": 0
          },
          {
            "name": "2026-01-25",
            "sent": 0,
            "received": 0
          },
          {
            "name": "2026-01-26",
            "sent": 0,
            "received": 6
          }
        ],
        "securityRadar": [
          {
            "subject": "Secure Score",
            "value": 65,
            "fullMark": 100
          },
          {
            "subject": "Compliance",
            "value": 33,
            "fullMark": 100
          },
          {
            "subject": "Active Users",
            "value": 100,
            "fullMark": 100
          },
          {
            "subject": "License Usage",
            "value": 0,
            "fullMark": 100
          },
          {
            "subject": "Sign-in Success",
            "value": 93,
            "fullMark": 100
          }
        ],
        "licenseTreemap": [
          {
            "name": "FLOW FREE",
            "size": 3,
            "fill": "#3b82f6"
          },
          {
            "name": "CCIBOTS PRIVPREV VIRAL",
            "size": 2,
            "fill": "#a855f7"
          },
          {
            "name": "DEVELOPERPACK E5",
            "size": 11,
            "fill": "#06b6d4"
          },
          {
            "name": "POWERAPPS DEV",
            "size": 2,
            "fill": "#f59e0b"
          }
        ],
        "userGrowthTrend": [],
        "enrollmentFunnel": [],
        "licenseTrendComposed": []
      }
    }
  }
}